;borough;neighborhood;zip_code;latitude;longitude;landsqmi;density;median_house_value;median_age;avg_household_size;avg_agi;avg_wage;total_population;nb_positive_covid19;perc_pop_positive_covid19;medical_center;arts_entertainment;nightlife_spot;outdoors_recreation;shop_service;food
0;Manhattan;Chelsea and Clinton;10001;40.750741999999995;-73.99653;0.62;39102.0;399889.0;35.6;1.9;144041.0;118909.0;24243.24;266;0.01097213078779899;38.0;46.0;50.0;49.0;50.0;50.0
1;Manhattan;Lower East Side;10002;40.717040000000004;-73.987;0.88;89911.0;721285.0;42.1;2.3;44740.0;42766.0;79121.68000000001;729;0.009213656737319024;42.0;50.0;50.0;48.0;50.0;50.0
2;Manhattan;Lower East Side;10003;40.732509;-73.98935;0.58;96874.0;1108917.0;32.9;1.7;204008.0;148545.0;56186.92;355;0.006318196477044836;50.0;48.0;50.0;48.0;50.0;50.0
3;Manhattan;Lower Manhattan;10004;40.862612;-73.925379;0.56;5419.0;1796465.0;35.9;1.9;363621.0;246647.0;3034.6400000000003;26;0.008567737853583949;33.0;25.0;48.0;35.0;48.0;50.0
4;Manhattan;Lower Manhattan;10005;40.706019;-74.00858000000001;0.07;119790.0;1680524.0;30.4;2.1;983554.0;215824.0;8385.300000000001;44;0.005247277974550701;40.0;47.0;50.0;48.0;50.0;50.0
5;Manhattan;Lower Manhattan;10006;40.707904;-74.01342;0.09;39550.0;1124548.0;30.9;2.0;176242.0;130297.0;3559.5;15;0.004214075010535188;38.0;48.0;50.0;48.0;50.0;50.0
6;Manhattan;Lower Manhattan;10007;40.714754;-74.00721;0.16;43674.0;2249097.0;35.7;2.2;476189.0;349986.0;6987.84;42;0.006010440994642121;49.0;47.0;47.0;48.0;50.0;50.0
7;Manhattan;Lower East Side;10009;40.727092999999996;-73.97864;0.62;98969.0;685637.0;37.1;2.0;69934.0;63071.0;61360.78;530;0.008637439093831597;35.0;44.0;50.0;48.0;50.0;50.0
8;Manhattan;Gramercy Park and Murray Hill;10010;40.739022;-73.98205;0.39;86020.0;846784.0;34.9;1.9;211519.0;152989.0;33547.8;203;0.0060510674321416005;50.0;46.0;50.0;46.0;50.0;50.0
9;Manhattan;Chelsea and Clinton;10011;40.741012;-74.00012;0.66;78152.0;1100595.0;40.1;1.7;246235.0;168767.0;51580.32;403;0.007813057383125967;45.0;43.0;50.0;50.0;50.0;50.0
10;Manhattan;Greenwich Village and Soho;10012;40.72596;-73.99834;0.32;76982.0;1524662.0;34.8;1.9;197911.0;142352.0;24634.24;121;0.004911862513314801;45.0;49.0;50.0;46.0;50.0;50.0
11;Manhattan;Greenwich Village and Soho;10013;40.720665999999994;-74.00525999999999;0.55;54416.0;2249097.0;38.1;2.3;373721.0;237470.0;29928.800000000003;180;0.00601427387666729;49.0;49.0;50.0;48.0;50.0;50.0
12;Manhattan;Greenwich Village and Soho;10014;40.734718;-74.00532;0.57;56648.0;1206302.0;37.1;1.7;253188.0;177048.0;32289.359999999997;236;0.007308909188661529;48.0;49.0;50.0;47.0;50.0;50.0
13;Manhattan;Gramercy Park and Murray Hill;10016;40.746179999999995;-73.97759;0.53;98094.0;840712.0;33.6;1.7;202730.0;132775.0;51989.82;515;0.009905785401834436;50.0;45.0;50.0;46.0;50.0;50.0
14;Manhattan;Gramercy Park and Murray Hill;10017;40.752159000000006;-73.97231;0.32;51940.0;702842.0;40.2;1.6;391799.0;190657.0;16620.8;109;0.006558047747400848;48.0;40.0;50.0;47.0;50.0;50.0
15;Manhattan;Chelsea and Clinton;10018;40.755101;-73.99337;0.32;30646.0;1098008.0;32.3;1.9;501354.0;189841.0;9806.72;169;0.0172330809893624;44.0;50.0;50.0;47.0;50.0;50.0
16;Manhattan;Chelsea and Clinton;10019;40.765714;-73.9856;0.68;62059.0;1088337.0;39.9;1.7;292340.0;151171.0;42200.12;449;0.010639780171241219;48.0;49.0;50.0;48.0;50.0;50.0
17;Manhattan;Upper East Side;10021;40.76842;-73.96045;0.39;117909.0;1374760.0;40.5;1.8;517400.0;218413.0;45984.51;438;0.009524946552654361;50.0;45.0;46.0;47.0;50.0;50.0
18;Manhattan;Gramercy Park and Murray Hill;10022;40.759015000000005;-73.96732;0.44;71634.0;1025138.0;48.1;1.7;423852.0;223182.0;31518.96;254;0.008058641528781406;50.0;42.0;50.0;48.0;50.0;50.0
19;Manhattan;Upper West Side;10023;40.776099;-73.98285;0.49;127250.0;1162782.0;42.9;1.8;320455.0;210903.0;62352.5;439;0.007040615853414057;44.0;50.0;48.0;49.0;50.0;50.0
20;Manhattan;Upper West Side;10024;40.786387;-73.97709;0.86;69209.0;1618112.0;43.4;2.0;303191.0;201194.0;59519.74;484;0.00813175595189092;40.0;39.0;47.0;46.0;50.0;50.0
21;Manhattan;Upper West Side;10025;40.798502;-73.96811;0.75;127413.0;1154123.0;42.0;2.1;131910.0;105222.0;95559.75;901;0.009428655893302358;38.0;41.0;47.0;48.0;50.0;50.0
22;Manhattan;Central Harlem;10026;40.802853000000006;-73.95470999999999;0.33;122449.0;860729.0;34.7;2.5;54078.0;53986.0;40408.170000000006;443;0.010963129485943064;35.0;44.0;31.0;46.0;49.0;50.0
23;Manhattan;Central Harlem;10027;40.812665;-73.95499000000001;0.87;76107.0;778300.0;30.9;2.5;50162.0;47983.0;66213.09;667;0.010073536818777073;38.0;43.0;33.0;45.0;49.0;50.0
24;Manhattan;Upper East Side;10028;40.776777;-73.9541;0.31;161778.0;1321456.0;39.1;1.9;339877.0;198029.0;50151.18;379;0.007557150200653304;50.0;45.0;48.0;47.0;50.0;50.0
25;Manhattan;East Harlem;10029;40.791585999999995;-73.94575;0.83;99449.0;910097.0;34.3;2.5;47088.0;42901.0;82542.67;1202;0.014562165241323064;41.0;42.0;30.0;44.0;49.0;50.0
26;Manhattan;Central Harlem;10030;40.818151;-73.94351;0.28;109720.0;667419.0;35.0;2.4;35037.0;36107.0;30721.600000000002;360;0.011718139680224988;39.0;45.0;34.0;45.0;48.0;50.0
27;Manhattan;Inwood and Washington Heights;10031;40.826201;-73.94879;0.65;97263.0;426653.0;35.1;2.8;33193.0;34632.0;63220.950000000004;841;0.013302552397583395;31.0;48.0;41.0;46.0;44.0;50.0
28;Manhattan;Inwood and Washington Heights;10032;40.840686;-73.94154;0.66;97515.0;499299.0;34.9;3.0;31728.0;33381.0;64359.9;968;0.01504042113179169;42.0;16.0;19.0;47.0;48.0;50.0
29;Manhattan;Inwood and Washington Heights;10033;40.848764;-73.93496;0.6;102065.0;566997.0;36.3;3.1;38106.0;38764.0;61239.0;817;0.013341171475693595;44.0;32.0;36.0;45.0;50.0;50.0
30;Manhattan;Inwood and Washington Heights;10034;40.867653000000004;-73.92;1.13;39805.0;375711.0;36.7;2.8;36610.0;38518.0;44979.649999999994;458;0.01018238247740923;38.0;28.0;42.0;44.0;48.0;50.0
31;Manhattan;East Harlem;10035;40.802395000000004;-73.93359;1.4;25701.0;556651.0;36.8;2.3;39019.0;39769.0;35981.399999999994;664;0.018453979000261248;21.0;24.0;13.0;45.0;44.0;45.0
32;Manhattan;Chelsea and Clinton;10036;40.759510999999996;-73.99019;0.44;61500.0;989827.0;37.4;1.7;197931.0;114253.0;27060.0;309;0.011419068736141907;45.0;50.0;50.0;47.0;50.0;50.0
33;Manhattan;Central Harlem;10037;40.813385;-73.93616;0.26;81425.0;516167.0;34.7;2.2;42259.0;41361.0;21170.5;304;0.01435960416617463;26.0;18.0;9.0;46.0;46.0;48.0
34;Manhattan;Lower Manhattan;10038;40.709677;-74.00365;0.3;76568.0;827442.0;35.9;2.1;111759.0;100893.0;22970.399999999998;171;0.007444363180440916;42.0;46.0;48.0;48.0;50.0;50.0
35;Manhattan;Central Harlem;10039;40.826181;-73.9371;0.46;59606.0;429690.0;33.1;2.4;34344.0;34669.0;27418.760000000002;339;0.012363797633445129;15.0;25.0;15.0;49.0;45.0;48.0
36;Manhattan;Inwood and Washington Heights;10040;40.858703999999996;-73.92853000000001;0.38;123848.0;426653.0;36.9;2.8;36260.0;37954.0;47062.24;644;0.013684006541125115;28.0;21.0;18.0;43.0;47.0;46.0
37;Manhattan;Upper East Side;10044;40.762174;-73.94917;0.24;50150.0;733880.0;41.8;2.2;82915.0;79384.0;12036.0;124;0.01030242605516783;50.0;8.0;0.0;49.0;33.0;40.0
38;Manhattan;Upper East Side;10065;40.772494;-73.96046700000001;0.39;77655.0;1491938.0;40.6;1.9;593608.0;244640.0;30285.45;252;0.008320827327974324;50.0;44.0;49.0;44.0;50.0;50.0
39;Manhattan;Upper East Side;10075;40.622353000000004;-73.969462;0.18;125463.0;1035259.0;42.9;2.0;400256.0;209184.0;22583.34;309;0.013682652787408772;22.0;18.0;5.0;11.0;35.0;33.0
40;Manhattan;Upper East Side;10128;40.781894;-73.95039;0.47;135263.0;1113527.0;39.0;2.0;323582.0;179457.0;63573.60999999999;501;0.00788062845573816;40.0;41.0;50.0;48.0;50.0;50.0
41;Manhattan;Lower Manhattan;10280;40.707467;-74.0178;0.14;71955.0;945182.0;38.5;2.1;184651.0;164576.0;10073.7;33;0.0032758569343935193;38.0;45.0;48.0;49.0;49.0;50.0
42;Staten Island;Stapleton and St. George;10301;40.631775;-74.09432;3.66;10909.0;489403.0;38.2;2.6;63214.0;56554.0;39926.94;848;0.021238792654783963;9.0;1.0;3.0;9.0;5.0;8.0
43;Staten Island;Port Richmond;10302;40.631127;-74.13715;1.19;15750.0;409898.0;33.9;3.0;47143.0;46069.0;18742.5;450;0.024009603841536616;5.0;8.0;9.0;3.0;40.0;41.0
44;Staten Island;Port Richmond;10303;40.629448;-74.16239;3.14;8345.0;361767.0;32.2;3.1;41810.0;41488.0;26203.3;638;0.024348078295481867;9.0;0.0;2.0;5.0;41.0;26.0
45;Staten Island;Stapleton and St. George;10304;40.60787;-74.08991;3.87;10968.0;507171.0;38.6;2.8;62172.0;54058.0;42446.16;1035;0.024383831187556188;28.0;3.0;8.0;14.0;31.0;18.0
46;Staten Island;Stapleton and St. George;10305;40.599021;-74.07503;4.25;10097.0;474109.0;39.8;2.8;57344.0;55720.0;42912.25;914;0.021299279343311057;7.0;2.0;3.0;7.0;26.0;25.0
47;Staten Island;South Shore;10306;40.569394;-74.11785;7.47;7335.0;524826.0;43.2;2.7;67141.0;62335.0;54792.45;1124;0.020513775164279022;39.0;6.0;6.0;12.0;36.0;45.0
48;Staten Island;South Shore;10307;40.508274;-74.24387;1.96;8030.0;726683.0;38.1;3.0;82911.0;74381.0;15738.8;311;0.01976008336086614;5.0;6.0;7.0;12.0;21.0;32.0
49;Staten Island;South Shore;10308;40.551353000000006;-74.15098;1.97;15439.0;527525.0;43.3;2.8;69356.0;64412.0;30414.829999999998;519;0.017064044086388123;13.0;4.0;15.0;12.0;36.0;28.0
50;Staten Island;South Shore;10309;40.529749;-74.21304;6.72;5083.0;642567.0;40.7;2.9;76073.0;70104.0;34157.76;688;0.02014183599861349;0.0;0.0;0.0;4.0;1.0;4.0
51;Staten Island;Port Richmond;10310;40.63212;-74.11551;1.8;13398.0;479057.0;36.8;2.9;56068.0;53258.0;24116.4;534;0.0221426083495049;17.0;5.0;4.0;11.0;34.0;42.0
52;Staten Island;South Shore;10312;40.543116999999995;-74.17628;7.68;8066.0;552265.0;42.4;2.9;75396.0;66475.0;61946.88;1224;0.019758864368956113;5.0;4.0;3.0;10.0;29.0;20.0
53;Staten Island;Mid-Island;10314;40.606336999999996;-74.14513000000001;13.71;6661.0;518754.0;41.7;2.9;64317.0;59283.0;91322.31000000001;2030;0.022228960261736697;18.0;3.0;2.0;9.0;10.0;12.0
54;Bronx;High Bridge and Morrisania;10451;40.819728999999995;-73.9223;1.01;48231.0;176442.0;33.6;2.6;28443.0;29039.0;48713.31;1108;0.02274532360868108;41.0;15.0;10.0;28.0;40.0;45.0
55;Bronx;High Bridge and Morrisania;10452;40.838745;-73.92234;0.98;80364.0;249425.0;31.3;3.0;24210.0;26004.0;78756.72;1488;0.018893625839166487;16.0;6.0;14.0;19.0;46.0;43.0
56;Bronx;Central Bronx;10453;40.853017;-73.91214000000001;0.92;91091.0;495251.0;30.3;3.0;23540.0;25317.0;83803.72;1547;0.01845980106849672;19.0;3.0;10.0;8.0;42.0;45.0
57;Bronx;Hunts Point and Mott Haven;10454;40.805968;-73.91628;1.04;37627.0;447682.0;29.6;2.9;23515.0;25148.0;39132.08;747;0.019089197405300202;5.0;6.0;5.0;15.0;40.0;43.0
58;Bronx;Hunts Point and Mott Haven;10455;40.815559;-73.90771;0.71;60636.0;326906.0;31.3;2.9;24964.0;26396.0;43051.56;831;0.019302436427390785;10.0;4.0;5.0;17.0;41.0;43.0
59;Bronx;High Bridge and Morrisania;10456;40.829676;-73.90856;1.02;94316.0;408323.0;30.7;3.1;23501.0;24944.0;96202.32;1596;0.016590036498080295;25.0;6.0;6.0;12.0;40.0;37.0
60;Bronx;Central Bronx;10457;40.846745;-73.89860999999999;1.06;72345.0;456904.0;29.6;3.0;23696.0;25606.0;76685.7;1362;0.017760808077646812;12.0;2.0;10.0;19.0;40.0;43.0
61;Bronx;Bronx Park and Fordham;10458;40.864166;-73.88880999999999;1.01;85638.0;415970.0;29.1;3.0;25762.0;27607.0;86494.38;1342;0.015515458923458379;29.0;10.0;18.0;31.0;45.0;42.0
62;Bronx;Hunts Point and Mott Haven;10459;40.825432;-73.89327;0.82;60728.0;428790.0;31.1;3.0;25885.0;27412.0;49796.96;996;0.02000122095806652;21.0;7.0;4.0;20.0;43.0;42.0
63;Bronx;Central Bronx;10460;40.84095;-73.88036;1.32;46876.0;465675.0;31.9;2.9;26068.0;27831.0;61876.32;1097;0.01772891471244573;15.0;11.0;7.0;11.0;40.0;40.0
64;Bronx;Southeast Bronx;10461;40.842917;-73.83819;2.4;21574.0;498175.0;38.5;2.6;46308.0;47000.0;51777.6;1328;0.02564815673186861;36.0;5.0;11.0;14.0;42.0;37.0
65;Bronx;Southeast Bronx;10462;40.842172999999995;-73.85862;1.48;54293.0;291258.0;36.1;2.7;38046.0;39238.0;80353.64;1611;0.020048873952692125;22.0;22.0;7.0;34.0;45.0;43.0
66;Bronx;Kingsbridge and Riverdale;10463;40.881085999999996;-73.90749;1.45;51125.0;308014.0;39.1;2.5;58769.0;51906.0;74131.25;1261;0.01701037012056319;39.0;9.0;23.0;42.0;46.0;47.0
67;Bronx;Southeast Bronx;10464;40.857017;-73.78903000000001;3.5;1309.0;556651.0;45.2;2.3;76969.0;67014.0;4581.5;103;0.022481719960711556;0.0;1.0;4.0;9.0;9.0;16.0
68;Bronx;Southeast Bronx;10465;40.825727;-73.81752;3.43;13097.0;504585.0;42.0;2.7;55394.0;53939.0;44922.71;1128;0.025109794133078792;22.0;5.0;16.0;16.0;35.0;45.0
69;Bronx;Northeast Bronx;10466;40.89095;-73.84702;2.02;36988.0;459940.0;36.6;3.1;35211.0;36075.0;74715.76;1727;0.02311426665538837;4.0;4.0;1.0;2.0;40.0;21.0
70;Bronx;Bronx Park and Fordham;10467;40.872265000000006;-73.86936999999999;2.33;44724.0;378073.0;34.2;2.8;31440.0;32899.0;104206.92;2372;0.022762403878744328;7.0;4.0;5.0;10.0;36.0;41.0
71;Bronx;Bronx Park and Fordham;10468;40.867107;-73.89916;1.08;73283.0;218837.0;32.3;3.0;26859.0;28485.0;79145.64;1666;0.021049801353555293;36.0;11.0;14.0;21.0;47.0;48.0
72;Bronx;Northeast Bronx;10469;40.868643;-73.84735;2.48;29911.0;481531.0;39.6;3.2;42269.0;41676.0;74179.28;2131;0.028727698624198026;9.0;3.0;7.0;9.0;36.0;32.0
73;Bronx;Northeast Bronx;10470;40.900628999999995;-73.86072;1.42;10392.0;468037.0;41.6;2.5;45914.0;46557.0;14756.64;336;0.0227694109228117;10.0;7.0;17.0;12.0;42.0;43.0
74;Bronx;Kingsbridge and Riverdale;10471;40.900819;-73.90347;2.58;8661.0;379310.0;43.2;2.2;135945.0;90265.0;22345.38;414;0.01852731974126195;7.0;3.0;4.0;11.0;38.0;19.0
75;Bronx;Southeast Bronx;10472;40.830409;-73.86845;1.05;66573.0;483106.0;32.7;3.1;27232.0;29372.0;69901.65000000001;1287;0.018411582559209973;11.0;6.0;18.0;9.0;44.0;40.0
76;Bronx;Southeast Bronx;10473;40.818514;-73.85893;2.18;29108.0;423842.0;35.8;3.0;35911.0;36062.0;63455.44;1371;0.021605712607146055;12.0;2.0;4.0;10.0;42.0;24.0
77;Bronx;Hunts Point and Mott Haven;10474;40.81321;-73.88755;1.53;8344.0;457129.0;30.1;3.3;25502.0;26316.0;12766.32;230;0.018016155007864444;0.0;4.0;7.0;7.0;32.0;30.0
78;Bronx;Northeast Bronx;10475;40.878522;-73.82540999999999;1.72;26050.0;300588.0;46.0;2.3;44554.0;42724.0;44806.0;1285;0.02867919475070303;8.0;5.0;1.0;11.0;31.0;17.0
79;Queens;Southeast Queens;11004;40.742944;-73.70956;0.95;16166.0;572282.0;44.9;2.9;61829.0;59558.0;15357.699999999999;415;0.027022275470936406;7.0;4.0;0.0;7.0;28.0;10.0
80;Queens;Northwest Queens;11101;40.745340999999996;-73.93907;2.62;11205.0;951480.0;35.1;2.3;59378.0;61362.0;29357.100000000002;440;0.014987856429960724;10.0;34.0;14.0;46.0;40.0;50.0
81;Queens;Northwest Queens;11102;40.771285999999996;-73.92461999999999;0.81;42365.0;629972.0;33.6;2.5;44049.0;46130.0;34315.65;405;0.011802195208308745;30.0;15.0;36.0;45.0;46.0;50.0
82;Queens;Northwest Queens;11103;40.762968;-73.91091;0.71;54276.0;857693.0;34.1;2.4;43463.0;45943.0;38535.96;377;0.00978307015058143;42.0;17.0;48.0;36.0;50.0;50.0
83;Queens;Northwest Queens;11104;40.743796;-73.91949;0.39;67071.0;465788.0;38.9;2.3;48955.0;50807.0;26157.690000000002;330;0.012615792908318739;42.0;15.0;44.0;45.0;50.0;50.0
84;Queens;Northwest Queens;11105;40.774685999999996;-73.90816;1.63;23184.0;857243.0;35.4;2.5;49700.0;51171.0;37789.92;357;0.009446963634747044;44.0;27.0;46.0;48.0;50.0;50.0
85;Queens;Northwest Queens;11106;40.762012;-73.93146999999999;0.86;47488.0;565423.0;35.9;2.3;44886.0;46689.0;40839.68;431;0.0105534617313358;41.0;19.0;28.0;27.0;50.0;50.0
86;Brooklyn;Northwest Brooklyn;11201;40.695285999999996;-73.98907;1.42;44108.0;969698.0;35.3;2.1;157833.0;125881.0;62633.35999999999;460;0.007344328964628435;43.0;42.0;45.0;48.0;50.0;50.0
87;Brooklyn;Flatbush;11203;40.649059;-73.93304;2.15;35936.0;483331.0;39.8;2.7;36170.0;36630.0;77262.4;1385;0.01792592515893889;5.0;7.0;12.0;7.0;42.0;36.0
88;Brooklyn;Borough Park;11204;40.618944;-73.98473;1.59;51123.0;884232.0;34.7;3.3;48256.0;39720.0;81285.57;1358;0.01670653229103271;23.0;10.0;6.0;9.0;39.0;47.0
89;Brooklyn;Northwest Brooklyn;11205;40.694214;-73.96529;0.95;48293.0;745125.0;30.2;2.7;53527.0;50167.0;45878.35;490;0.01068041897757875;16.0;46.0;33.0;45.0;47.0;50.0
90;Brooklyn;Bushwick and Williamsburg;11206;40.702348;-73.94288;1.43;62083.0;669106.0;29.4;2.9;31350.0;31013.0;88778.69;1013;0.011410395895681722;44.0;45.0;22.0;38.0;50.0;45.0
91;Brooklyn;East New York and New Lots;11207;40.670874;-73.89424;2.67;35172.0;487604.0;34.3;2.8;29215.0;30155.0;93909.23999999999;1306;0.013907044716792513;10.0;3.0;3.0;13.0;40.0;40.0
92;Brooklyn;East New York and New Lots;11208;40.672666;-73.87248000000001;3.46;29224.0;502223.0;32.3;3.2;27866.0;29776.0;101115.04;1463;0.014468668558109654;6.0;4.0;6.0;12.0;40.0;42.0
93;Brooklyn;Southwest Brooklyn;11209;40.62327;-74.0295;2.16;31888.0;819683.0;40.8;2.3;66054.0;62799.0;68878.08;800;0.0116147256137221;42.0;17.0;36.0;38.0;50.0;50.0
94;Brooklyn;Flatbush;11210;40.627946;-73.94552;1.64;42655.0;626261.0;35.4;3.1;67211.0;48924.0;69954.2;1219;0.017425687092411893;28.0;12.0;7.0;14.0;44.0;43.0
95;Brooklyn;Greenpoint;11211;40.71209;-73.95427;2.3;44838.0;1026600.0;30.8;2.6;54060.0;51448.0;103127.4;1422;0.013788770006807114;35.0;49.0;50.0;47.0;50.0;50.0
96;Brooklyn;Central Brooklyn;11212;40.662191;-73.91328;1.54;54649.0;460727.0;35.4;2.4;28184.0;29080.0;84159.46;1134;0.013474421057359446;6.0;4.0;6.0;13.0;37.0;40.0
97;Brooklyn;Central Brooklyn;11213;40.670937;-73.93459;1.09;61850.0;797979.0;34.3;2.7;34547.0;32803.0;67416.5;1010;0.014981495627924914;14.0;11.0;8.0;27.0;49.0;48.0
98;Brooklyn;Southwest Brooklyn;11214;40.598994;-73.99611;2.18;43786.0;761656.0;39.8;2.9;39866.0;40820.0;95453.48000000001;1050;0.011000122782322864;40.0;11.0;9.0;19.0;41.0;48.0
99;Brooklyn;Northwest Brooklyn;11215;40.667508000000005;-73.9856;2.18;33082.0;1219685.0;35.8;2.5;104359.0;91511.0;72118.76000000001;453;0.006281306001378836;29.0;45.0;48.0;48.0;50.0;50.0
100;Brooklyn;Central Brooklyn;11216;40.680398;-73.94824;0.94;62274.0;1031885.0;34.5;2.4;37236.0;38027.0;58537.56;500;0.00854152445028457;19.0;43.0;44.0;43.0;50.0;50.0
101;Brooklyn;Northwest Brooklyn;11217;40.68209;-73.97783000000001;0.75;53641.0;1189659.0;35.4;2.3;102611.0;86378.0;40230.75;411;0.010216066068865234;36.0;41.0;49.0;46.0;50.0;50.0
102;Brooklyn;Borough Park;11218;40.644552000000004;-73.97595;1.43;54732.0;765367.0;33.7;3.1;47540.0;47158.0;78266.76;1192;0.015229964802426983;34.0;16.0;15.0;32.0;44.0;50.0
103;Brooklyn;Borough Park;11219;40.632449;-73.99629;1.48;64342.0;926178.0;28.0;3.7;37407.0;30636.0;95226.16;1988;0.020876616257549396;27.0;3.0;9.0;9.0;41.0;42.0
104;Brooklyn;Sunset Park;11220;40.641436;-74.01574000000001;1.79;56878.0;876023.0;34.0;3.5;25773.0;26577.0;101811.62;1025;0.010067613107423299;44.0;13.0;17.0;22.0;44.0;44.0
105;Brooklyn;Bushwick and Williamsburg;11221;40.691234;-73.92636999999999;1.38;62008.0;745800.0;31.8;2.8;30619.0;32026.0;85571.04;832;0.009722915603222772;12.0;32.0;25.0;25.0;46.0;48.0
106;Brooklyn;Greenpoint;11222;40.726302000000004;-73.94559;1.52;24527.0;851170.0;35.3;2.1;52822.0;52659.0;37281.04;316;0.008476158390431168;35.0;47.0;45.0;42.0;50.0;50.0
107;Brooklyn;Southern Brooklyn;11223;40.598141999999996;-73.97229;2.07;39553.0;787071.0;36.5;3.0;63340.0;48149.0;81874.70999999999;1171;0.014302340735008407;27.0;8.0;17.0;25.0;38.0;43.0
108;Brooklyn;Southern Brooklyn;11224;40.576589;-73.99172;1.54;29743.0;415296.0;46.2;2.4;36387.0;36693.0;45804.22;695;0.015173274427552745;15.0;8.0;2.0;19.0;41.0;40.0
109;Brooklyn;Flatbush;11225;40.662892;-73.95509;0.88;68301.0;792356.0;35.0;2.5;38637.0;37667.0;60104.88;843;0.014025483454920799;19.0;21.0;19.0;26.0;42.0;50.0
110;Brooklyn;Flatbush;11226;40.645255999999996;-73.95553000000001;1.29;80729.0;586114.0;34.4;2.8;33386.0;33680.0;104140.41;1413;0.013568220059821159;21.0;13.0;15.0;11.0;45.0;46.0
111;Brooklyn;Southwest Brooklyn;11228;40.617563;-74.01168;1.47;30839.0;909984.0;40.7;3.0;56420.0;53821.0;45333.33;470;0.010367647821150575;31.0;3.0;3.0;16.0;42.0;38.0
112;Brooklyn;Southern Brooklyn;11229;40.599256;-73.94118;2.17;40318.0;632221.0;40.8;2.8;54225.0;49510.0;87490.06;1110;0.012687155546584379;38.0;5.0;7.0;24.0;39.0;41.0
113;Brooklyn;Borough Park;11230;40.622994;-73.96427;1.84;49779.0;796517.0;33.8;2.9;64486.0;51263.0;91593.36;1620;0.01768687162475533;25.0;18.0;5.0;11.0;43.0;36.0
114;Brooklyn;Northwest Brooklyn;11231;40.6788;-74.00254;1.42;26884.0;1276474.0;36.5;2.4;106346.0;89204.0;38175.28;303;0.007937073415047643;33.0;34.0;41.0;46.0;50.0;47.0
115;Brooklyn;Sunset Park;11232;40.655481;-74.00424;1.28;22885.0;730281.0;33.8;3.1;33077.0;34941.0;29292.8;351;0.011982466681232248;10.0;45.0;30.0;18.0;49.0;50.0
116;Brooklyn;Central Brooklyn;11233;40.676938;-73.91858;1.35;56446.0;757046.0;33.5;2.6;33075.0;33946.0;76202.1;844;0.011075810246699238;2.0;5.0;3.0;8.0;36.0;44.0
117;Brooklyn;Canarsie and Flatlands;11234;40.618561;-73.9216;7.55;13144.0;591850.0;40.7;3.1;60692.0;53470.0;99237.2;1670;0.01682836678181166;31.0;7.0;12.0;22.0;41.0;48.0
118;Brooklyn;Southern Brooklyn;11235;40.583803;-73.95019;2.25;36237.0;580042.0;44.7;2.4;52018.0;50685.0;81533.25;1343;0.01647180751411234;37.0;3.0;21.0;41.0;39.0;48.0
119;Brooklyn;Canarsie and Flatlands;11236;40.640527;-73.90361999999999;3.6;28402.0;552153.0;38.2;3.0;39771.0;40853.0;102247.2;1899;0.01857263572987818;22.0;3.0;0.0;7.0;39.0;42.0
120;Brooklyn;Bushwick and Williamsburg;11237;40.703355;-73.91993000000001;0.98;54183.0;669556.0;30.5;3.1;28083.0;29945.0;53099.34;590;0.011111249217033584;42.0;47.0;50.0;34.0;50.0;50.0
121;Brooklyn;Central Brooklyn;11238;40.680145;-73.96257;1.11;50840.0;930901.0;35.9;2.2;65446.0;61615.0;56432.4;547;0.00969301323353251;20.0;45.0;50.0;49.0;50.0;50.0
122;Brooklyn;Canarsie and Flatlands;11239;40.645848;-73.87919000000001;0.57;22072.0;517292.0;48.1;1.9;36456.0;36525.0;12581.039999999999;354;0.02813757845138399;9.0;0.0;0.0;12.0;23.0;7.0
123;Queens;North Queens;11354;40.767969;-73.82496;2.17;26954.0;532248.0;44.6;2.8;35618.0;38322.0;58490.18;714;0.012207177341564002;38.0;7.0;8.0;14.0;44.0;42.0
124;Queens;North Queens;11355;40.749463;-73.81940999999999;1.74;48369.0;599384.0;42.6;3.0;27342.0;29963.0;84162.06;822;0.009766871200633635;38.0;2.0;6.0;17.0;38.0;43.0
125;Queens;North Queens;11356;40.785462;-73.84366;1.57;15542.0;673154.0;38.3;3.2;43305.0;43272.0;24400.940000000002;376;0.015409242430824385;15.0;6.0;15.0;14.0;35.0;43.0
126;Queens;North Queens;11357;40.784453000000006;-73.80922;2.8;14993.0;721397.0;45.2;2.8;72979.0;65091.0;41980.399999999994;580;0.013815971262779775;17.0;2.0;4.0;13.0;41.0;32.0
127;Queens;North Queens;11358;40.760521999999995;-73.79612;1.95;19237.0;787296.0;43.8;2.9;54130.0;52468.0;37512.15;395;0.010529921638722387;21.0;7.0;16.0;10.0;41.0;46.0
128;Queens;North Queens;11360;40.780386;-73.78005;1.43;13770.0;591512.0;48.8;2.3;84422.0;73366.0;19691.1;215;0.010918638369618762;36.0;6.0;4.0;14.0;39.0;27.0
129;Queens;Northeast Queens;11361;40.763177;-73.77391999999999;1.76;16777.0;718474.0;41.6;2.8;62051.0;59649.0;29527.52;317;0.010735747533148737;42.0;11.0;42.0;19.0;46.0;50.0
130;Queens;Northeast Queens;11362;40.759686;-73.73321999999999;2.52;7458.0;586789.0;49.3;2.6;73584.0;65553.0;18794.16;220;0.0117057639181533;6.0;2.0;2.0;12.0;24.0;15.0
131;Queens;Northeast Queens;11363;40.772636;-73.74644;0.87;8672.0;918868.0;45.7;2.9;106511.0;87949.0;7544.64;76;0.010073376595834923;1.0;2.0;3.0;6.0;10.0;9.0
132;Queens;Northeast Queens;11364;40.746718;-73.75994;2.47;14750.0;596123.0;45.1;2.7;63494.0;60466.0;36432.5;343;0.009414670966856515;8.0;3.0;5.0;6.0;44.0;46.0
133;Queens;Central Queens;11365;40.738983000000005;-73.79209;2.5;18518.0;718249.0;41.6;2.9;53403.0;49660.0;46295.0;585;0.012636353817906901;27.0;7.0;7.0;5.0;32.0;44.0
134;Queens;Central Queens;11366;40.726137;-73.79502;1.09;13263.0;776500.0;40.8;3.2;62381.0;57503.0;14456.670000000002;306;0.021166700215194782;31.0;3.0;6.0;11.0;41.0;48.0
135;Queens;Central Queens;11367;40.728614;-73.82145;2.38;18578.0;443409.0;35.3;2.9;54365.0;49583.0;44215.64;712;0.01610289933607203;27.0;5.0;3.0;2.0;32.0;36.0
136;Queens;West Queens;11368;40.747106;-73.85838000000001;2.63;44207.0;582066.0;32.3;4.1;25808.0;29305.0;116264.40999999999;2919;0.025106565285111758;22.0;12.0;13.0;16.0;44.0;45.0
137;Queens;West Queens;11369;40.762854;-73.87051;1.07;35179.0;599946.0;37.2;3.4;32680.0;34952.0;37641.53;1081;0.028718280048659024;2.0;4.0;14.0;15.0;38.0;40.0
138;Queens;West Queens;11370;40.763015;-73.89052;1.42;24121.0;705204.0;37.6;3.2;40290.0;42475.0;34251.82;1037;0.030275763448482446;7.0;3.0;8.0;8.0;37.0;31.0
139;Queens;West Queens;11372;40.750146;-73.88433;0.74;88469.0;335902.0;40.0;2.7;37821.0;40998.0;65467.06;1764;0.026944848294699657;42.0;25.0;46.0;29.0;50.0;50.0
140;Queens;West Queens;11373;40.736076000000004;-73.87804;1.53;64152.0;597022.0;38.9;3.2;30397.0;33004.0;98152.56;2269;0.023117074073259018;44.0;7.0;15.0;23.0;43.0;50.0
141;Queens;West Central Queens;11374;40.724945;-73.8609;0.93;47089.0;378635.0;44.3;2.3;54199.0;54053.0;43792.770000000004;817;0.018656047562188915;36.0;7.0;4.0;22.0;47.0;49.0
142;Queens;West Central Queens;11375;40.720535;-73.84581999999999;1.98;37375.0;430364.0;42.2;2.2;82173.0;76927.0;74002.5;1170;0.015810276679841896;47.0;14.0;21.0;47.0;50.0;50.0
143;Queens;West Queens;11377;40.742869;-73.90377;2.55;35791.0;542707.0;39.2;2.9;36968.0;39114.0;91267.04999999999;1448;0.01586552868751647;38.0;11.0;30.0;31.0;48.0;49.0
144;Queens;West Queens;11378;40.724096;-73.90271;2.55;14192.0;646503.0;38.7;2.8;48552.0;49562.0;36189.6;509;0.014064814200764861;13.0;6.0;6.0;13.0;37.0;37.0
145;Queens;West Central Queens;11379;40.716028;-73.87925;2.07;18354.0;691822.0;43.5;2.8;60798.0;59593.0;37992.78;558;0.014687001056516527;10.0;7.0;6.0;12.0;45.0;43.0
146;Queens;West Central Queens;11385;40.703069;-73.89285;3.61;29939.0;611529.0;35.7;3.1;39372.0;41336.0;108079.79;1396;0.012916383349745592;38.0;16.0;26.0;20.0;42.0;43.0
147;Queens;Southeast Queens;11411;40.693538000000004;-73.73574;1.17;17349.0;469386.0;44.7;3.3;47370.0;44864.0;20298.329999999998;503;0.024780363704797394;12.0;5.0;5.0;2.0;32.0;20.0
148;Queens;Jamaica;11412;40.697188;-73.75948000000001;1.65;23932.0;463539.0;39.8;3.6;40066.0;39307.0;39487.799999999996;900;0.02279184963457068;1.0;1.0;4.0;2.0;38.0;17.0
149;Queens;Southeast Queens;11413;40.670138;-73.75140999999999;3.1;14041.0;484343.0;39.6;3.5;44569.0;43540.0;43527.1;954;0.021917380206813688;0.0;0.0;0.0;0.0;11.0;3.0
150;Queens;Southwest Queens;11414;40.658188;-73.84321;2.3;12885.0;558450.0;45.6;2.8;62800.0;57787.0;29635.499999999996;618;0.020853368426380525;38.0;3.0;4.0;13.0;43.0;38.0
151;Queens;Southwest Queens;11415;40.706903000000004;-73.82973;0.57;35540.0;377511.0;38.9;2.4;59551.0;56342.0;20257.8;377;0.01861011560978981;28.0;8.0;12.0;26.0;41.0;47.0
152;Queens;Southwest Queens;11416;40.683301;-73.8503;0.67;42019.0;564635.0;35.6;3.8;32679.0;34664.0;28152.730000000003;438;0.015557993842870654;24.0;9.0;10.0;19.0;41.0;42.0
153;Queens;Southwest Queens;11417;40.675534000000006;-73.84476;1.12;29401.0;517629.0;38.2;3.6;39792.0;41242.0;32929.12;573;0.017401011627398485;11.0;7.0;8.0;10.0;44.0;46.0
154;Queens;Southwest Queens;11418;40.698485;-73.83365;1.63;24398.0;536972.0;34.6;3.6;38700.0;40434.0;39768.74;702;0.01765205535805258;38.0;6.0;15.0;13.0;32.0;44.0
155;Queens;Southwest Queens;11419;40.688688;-73.82216;1.13;47074.0;517629.0;36.4;4.1;31453.0;34793.0;53193.619999999995;753;0.014155832973954396;29.0;1.0;19.0;7.0;40.0;41.0
156;Queens;Southwest Queens;11420;40.673138;-73.81443;2.08;24115.0;509420.0;38.4;3.8;37671.0;39484.0;50159.200000000004;914;0.01822198121182156;12.0;2.0;4.0;4.0;35.0;41.0
157;Queens;Southwest Queens;11421;40.690870000000004;-73.85828000000001;1.29;34320.0;506047.0;37.8;3.7;36465.0;38427.0;44272.8;804;0.018160134439204206;25.0;4.0;11.0;8.0;45.0;43.0
158;Queens;Southeast Queens;11422;40.662538;-73.73514;1.97;17135.0;470511.0;37.7;3.5;45260.0;45296.0;33755.95;707;0.020944455718177095;3.0;2.0;1.0;4.0;36.0;30.0
159;Queens;Jamaica;11423;40.714261;-73.76824;1.41;23306.0;515155.0;40.2;3.3;45234.0;42209.0;32861.46;688;0.020936379576561723;23.0;1.0;6.0;7.0;24.0;34.0
160;Queens;Southeast Queens;11426;40.732239;-73.72108;1.35;15873.0;569696.0;38.7;3.3;57449.0;56428.0;21428.550000000003;366;0.01708001708001708;5.0;2.0;1.0;7.0;15.0;7.0
161;Queens;Southeast Queens;11427;40.728235;-73.74781999999999;1.58;15303.0;535172.0;42.4;3.1;53802.0;51352.0;24178.74;566;0.023408994844230924;13.0;1.0;2.0;10.0;26.0;23.0
162;Queens;Southeast Queens;11428;40.719981;-73.74127;0.83;24201.0;507846.0;40.3;3.6;43066.0;43870.0;20086.829999999998;489;0.024344309181687705;17.0;6.0;5.0;18.0;42.0;43.0
163;Queens;Southeast Queens;11429;40.708833;-73.73903;1.3;21554.0;463651.0;39.8;3.8;39843.0;39371.0;28020.2;690;0.02462509189798788;3.0;3.0;0.0;5.0;34.0;13.0
164;Queens;Jamaica;11432;40.714144;-73.79324;2.15;30735.0;633570.0;35.4;3.3;42549.0;41257.0;66080.25;1133;0.017145818909583423;21.0;0.0;17.0;23.0;37.0;46.0
165;Queens;Jamaica;11433;40.696538000000004;-73.78734;1.55;23550.0;436549.0;34.7;3.5;33185.0;34386.0;36502.5;643;0.017615231833436065;1.0;1.0;0.0;4.0;34.0;25.0
166;Queens;Jamaica;11434;40.674888;-73.7727;3.24;20907.0;434075.0;37.8;3.1;39349.0;38678.0;67738.68000000001;1415;0.02088909910851525;11.0;2.0;0.0;9.0;38.0;29.0
167;Queens;Jamaica;11435;40.700068;-73.80986;1.51;39670.0;409223.0;35.7;3.1;37594.0;39623.0;59901.7;1057;0.017645576002016636;28.0;7.0;20.0;13.0;45.0;48.0
168;Queens;Jamaica;11436;40.674146;-73.79687;0.79;26887.0;430252.0;36.2;3.7;36718.0;37582.0;21240.73;357;0.01680733195139715;2.0;4.0;3.0;2.0;31.0;32.0
169;Queens;Rockaways;11691;40.60002;-73.75962;2.83;23402.0;495588.0;32.2;3.1;36362.0;35032.0;66227.66;1543;0.023298422441620312;17.0;4.0;3.0;10.0;31.0;25.0
170;Queens;Rockaways;11692;40.592939;-73.79568;1.0;20567.0;407424.0;34.2;3.0;34610.0;36813.0;20567.0;399;0.019400009724315652;3.0;2.0;1.0;10.0;21.0;20.0
171;Queens;Rockaways;11693;40.596959000000005;-73.81978000000001;1.0;12932.0;349285.0;38.8;2.6;45904.0;45315.0;12932.0;262;0.020259820600061863;0.0;1.0;1.0;4.0;3.0;2.0
172;Queens;Rockaways;11694;40.57649;-73.84721;1.37;15605.0;711276.0;49.4;2.4;91399.0;68314.0;21378.850000000002;475;0.02221822034393805;7.0;2.0;6.0;26.0;21.0;16.0
173;Queens;Rockaways;11697;40.560167;-73.90890999999999;2.22;1692.0;625698.0;49.5;2.7;90992.0;78957.0;3756.2400000000002;73;0.019434327944966242;2.0;1.0;3.0;12.0;15.0;4.0
